street,num1,num2,num3,num4,num5,num6,num7,num8,num9,num10,num11,num12,num13,num14,num15,num16,num17,num18,num19,num20,num21,num22,num23,num24,num25,num26,num27,num28
Av_Aprigio_Veloso,4.44338418566,4.08525550133,5.35017643307,5.03207082739,3.40407589949,3.92176697842,4.90826565073,5.43386888484,3.8585801191,4.5884349247,6.17702580772,5.79597594993,3.37447794119,3.96997747745,4.21788075237,3.69828979244,5.05651569579,4.28497224524,4.92237959957,3.8061565044,4.19958226945,5.88360633905,4.8224877876,4.82315473618,4.14984344814,3.82941883875,3.82649736917,4.46284894002
