street,num1,num2,num3,num4,num5,num6,num7,num8,num9,num10,num11,num12,num13,num14,num15,num16,num17,num18,num19,num20,num21,num22,num23,num24,num25,num26,num27,num28
Av_Aprigio_Veloso,4.431911915,4.08369263416,5.34897556395,5.04363577882,3.41246777838,3.9161094748,4.90513652124,5.40179886568,3.85178071089,4.60514902691,6.15589552231,5.79059552611,3.36703678228,3.94797723149,4.21585760422,3.69323637538,5.03979199444,4.27645029912,4.91634308832,3.79808388463,4.19182355252,5.8684486812,4.8243818386,4.82453716525,4.1492546911,3.82484236686,3.81695502664,4.46524822912
