street,num1,num2,num3,num4,num5,num6,num7,num8,num9,num10,num11,num12,num13,num14,num15,num16,num17,num18,num19,num20,num21,num22,num23,num24,num25,num26,num27,num28
Av_Aprigio_Veloso,6.2929359419,6.03398984181,3.6760808072,5.21083088532,5.70009813683,5.60382973381,3.43092075061,3.94558386908,5.3649860723,5.23318950781,4.50108185942,4.28040200293,4.1710263964,3.85194602403,3.975129212,4.4727837645,4.7270201608,6.02559710887,5.08433920002,4.90055056824,5.0578099141,4.19109792034,5.05875089326,3.80147117456,3.36263300521,4.09401422277,4.31381345205,3.39206379505
