street,num1,num2,num3,num4,num5,num6,num7,num8,num9,num10,num11,num12,num13,num14,num15,num16,num17,num18,num19,num20,num21,num22,num23,num24,num25,num26,num27,num28
Av_Aprigio_Veloso,-0.00133831162162,-0.00638616444114,0.00899325711762,0.00558135770929,-0.012218230096,-0.00683782405854,0.0054404591553,0.0108558269867,-0.01040503404,-0.000998445113452,0.0163374361618,0.0122653030472,-0.0102616155988,-0.00441034237633,-0.00139141705242,-0.00666760157583,0.00660729833117,-0.00244933406417,0.00508492814924,-0.00851192807237,-0.00607372849126,0.0138435217976,0.00207892443916,0.00208045520499,-0.00244365581532,-0.00629863843146,-0.00639301341635,0.000865888294462

