street,num1,num2,num3,num4,num5,num6,num7,num8,num9,num10,num11,num12,num13,num14,num15,num16,num17,num18,num19,num20,num21,num22,num23,num24,num25,num26,num27,num28
Av_Aprigio_Veloso,0.00499268688985,-0.00727480206067,0.0109349137032,0.0074016808338,-0.0113644633589,-0.00537818705934,0.006195400074,0.00831110004056,-0.0108649438867,0.00665966880415,0.0201380201249,0.0131605485674,-0.00986212017135,-0.0061289298645,-0.00508169863637,-0.00509066967139,0.00801390142237,-0.00301155259585,0.00761356656892,-0.0131095458373,-0.00449979314901,0.015966029006,0.00381365296407,-0.0036536210262,-0.00459199934403,-0.0101409876273,-0.00403065361963,0.00452605441655


