street,num1,num2,num3,num4,num5,num6,num7,num8,num9,num10,num11,num12,num13,num14,num15,num16,num17,num18,num19,num20,num21,num22,num23,num24,num25,num26,num27,num28
Av_Aprigio_Veloso,-0.00100094575922,-0.00647495559976,0.0092910634918,0.00529903819583,-0.0123607277692,-0.00684384459333,0.00557314441835,0.0111100057932,-0.0102869572231,-0.000979823071351,0.0163489420415,0.0125308241592,-0.0104939481403,-0.00442545043955,-0.00146911161686,-0.00677587494262,0.00655410112824,-0.00246509828298,0.0048426792601,-0.00846367764733,-0.00574517822258,0.0141333657146,0.00216307227284,0.00190261255228,-0.00213962467394,-0.0063564495528,-0.00653751282015,0.000632964532523
