street,num1,num2,num3,num4,num5,num6,num7,num8,num9,num10,num11,num12,num13,num14,num15,num16,num17,num18,num19,num20
R._Cristina_Procópio_Silva,-0.00112411716225,0.00223741777749,0.00221547146735,-0.00607679756517,0.00671166217708,-0.00482624368558,0.00824500416952,0.00594146813255,0.00184283676774,-0.00240072184224,0.00316122210337,0.00658431479475,0.00142177627731,-0.024034797377,-0.0124889262144,0.00930671004171,0.00311647115636,0.00694589421695,-0.0126153190073,0.00718390738634
R._Maciel_Pinheiro,0.00460786233291,0.00224626554733,-0.00161152304825,-0.00315364747923,0.00308915613044,-0.00926629513472,0.00424649358829,0.00439963808364,0.00451723392541,0.00576720200819,-0.00154516364392,-0.00665774714499,-2.3810199438e-05,0.0029467222493,-0.00474151269808,0.00122803283472,-0.0013683841883,-0.00320254978374,-0.00450566456441,0.00344772936243
R._Inácio_Marquês_da_Silva,0.00700692287037,0.00426333033213,-0.0061796631026,-0.0121462487595,0.00686318168947,0.00429371603992,-0.0114705726869,0.00768810103526,0.00523052614881,0.00617657401215,0.00296434392744,0.00417420816829,0.00516802138535,-0.00555182292261,-0.00252910859077,0.00415396693465,-0.00524032959117,-0.00430705322304,-0.00527170615164,-0.00432612259499
R._Manoel_Pereira_de_Araújo,0.00414794477817,-0.000189884166735,-0.00692839481422,-0.000167445653016,-0.00349720823711,9.3929625287e-05,0.00649515542647,-0.00146809477371,-0.000482424389535,-0.00650710977927,0.00242511862763,0.00134394396365,-0.00568747819886,0.00638664877831,0.000152897628263,-0.000404412823145,9.11971976229e-05,0.00369619136277,-0.00291716888003,0.00380233062188
Av._Mal._Floriano_Peixoto,0.00509508809592,0.00505714366173,-0.00340208436235,-0.00527924805239,-0.0020971017023,0.00243023698169,0.00782782448038,-0.00531980390969,0.00553346007402,0.00257459894296,0.000878529364557,0.00253847398991,-0.00264985952418,0.00256669192224,-0.00216750953517,-7.28900235506e-05,-0.00669062647613,0.00156403535887,0.00245478344566,-0.00972887068092
R._Edésio_Silva,0.0121061060693,-0.0117606756013,-0.00338489990474,-0.00852743400761,0.00170982137713,-0.00125265213141,0.00745416704118,0.000765000005519,0.00537049956107,-0.00419327437224,-0.00820623645958,0.00986444147774,-0.00882061028369,-0.00240200401581,-0.00725635245395,0.00173470866069,0.00400598946296,0.00438445387981,0.00365887789684,0.00520895048086

