street,num1,num2,num3,num4,num5,num6,num7,num8,num9,num10,num11,num12,num13,num14,num15,num16,num17,num18,num19,num20
Av._Mal._Floriano_Peixoto,5.03096129233,5.26607235758,4.9152080554,4.9069441591,4.74345570049,5.22023955989,5.55529677635,4.5447297541,5.37421053966,5.08789986133,5.05809150881,5.13549447255,4.71798505171,5.120961718,4.82183235665,4.98659266539,4.48614656756,5.0253086139,5.06212047547,4.0882614881
R._Maciel_Pinheiro,5.01431154061,4.8077883827,4.71923185441,4.66214601291,5.09396375866,4.43407858195,5.00269528158,5.02883428874,4.97999715603,5.12311812051,4.57191958958,4.49183703654,4.78985530454,4.96437837444,4.44267169805,4.80756834863,4.65251549041,4.59474087222,4.42116200671,4.95276557687
R._Manoel_Pereira_de_Araújo,3.9118204155,3.71796475329,3.61661182946,3.67507432499,3.61516345242,3.56280734041,3.78619875353,3.58498020332,3.58579557172,3.37566376106,3.60582220304,3.85096756732,3.32163224986,4.04604606265,3.65795608137,3.508412267,3.68091383435,3.76889944593,3.54624338388,4.03071780747
R._Edésio_Silva,5.39064618136,3.80680853403,4.37552606541,4.00983384204,4.89079474248,4.67217208504,5.23202771409,4.65553113892,4.92904279242,4.72283141298,4.32372711727,5.34161592932,4.07952723013,4.58565635717,4.10978502183,4.67777367507,4.97610773173,5.22823253218,5.01695062391,5.19730276318
