street,num1,num2,num3,num4,num5,num6,num7,num8,num9,num10,num11,num12,num13,num14,num15,num16,num17,num18,num19,num20,num21,num22,num23,num24,num25,num26,num27,num28,num29,num30,num31,num32,num33,num34,num35,num36,num37,num38,num39,num40
R._Cristina_Procópio_Silva,4.45384208412,5.33028699564,5.0008699409,4.55923852009,5.45253162699,4.63705538077,5.62171593763,5.37099452692,5.19604218563,5.67754369386,5.637728442,5.15196024573,5.47695004594,5.71507682664,5.37038633946,5.43402277999,6.09940626377,5.87218808223,5.93708194157,5.7289268984,5.21305359484,4.79676456889,5.24168076643,5.30615175085,4.80759614869,3.00263316612,3.77191433245,5.09654487266,5.28400707686,3.86217080491,3.19307581047,4.6711850316,4.18012250781,4.41980591156,4.53144841207,4.06680767756,5.07857198599,5.36313606998,4.26418068592,5.31205017683
R._Inácio_Marquês_da_Silva,3.59871907398,4.19153221157,4.50719549497,3.61283304871,5.08603800067,4.98859131365,4.32435578763,3.88248581818,5.41807363039,5.1326308651,3.94270355478,5.36771262717,4.63250147963,4.85277955506,4.62191719893,4.6136654257,4.97291897936,5.78486485565,5.19291900322,5.27596724195,5.45085341012,5.14590165511,5.13527091996,5.2517091681,4.94709180255,4.86614191836,5.04575410492,5.01020073328,5.18820822456,4.66785564572,4.73676585291,5.07332711257,3.7526873208,4.95963375786,4.01605226409,4.19813762224,4.12734655892,4.41611318255,4.13862755395,4.41315437066
