street,num1,num2,num3,num4,num5,num6,num7,num8,num9,num10,num11,num12,num13,num14,num15,num16,num17,num18,num19,num20
R._Maciel_Pinheiro,0.000543747214368,-4.38592308556e-05,-8.87190136843e-05,-0.000339128710908,0.000676616325252,-0.000859017849644,0.000453273086201,0.000475293725588,0.000421604221735,0.000745199642389,-0.000518344578535,-0.000646197837022,2.58523067743e-05,0.000496062484107,-0.000774082834482,0.000179702626044,-7.69454224908e-05,-0.000327090455287,-0.000775937614816,0.000504763529495
R._Manoel_Pereira_de_Araújo,0.000634543699432,3.48533917406e-05,-0.000233794584925,-3.37035373644e-05,-0.000291327426933,-0.000312405238665,0.000688524763387,-0.000147269580981,-0.000253457605038,-0.000773321513312,-0.000111963422113,0.000634692783176,-0.000851001820406,0.00103916061634,-1.33595470953e-05,-0.000315778011752,-7.84152071972e-05,0.000187185661464,-0.000496757496458,0.000999604770923
Av._Mal._Floriano_Peixoto,0.000247234435073,0.000603937245532,-0.000247165573229,9.82006671965e-06,-0.00056836860358,0.00049962168386,0.00122525728896,-0.00100755510497,0.000753320772805,0.000263720033764,4.60377839728e-06,0.000284947673847,-0.000476563853628,0.000296314381754,-0.000248146080583,3.62352975721e-05,-0.00074358560142,0.000263588586922,0.000578956436383,-0.00153102149643
R._Edésio_Silva,0.0017155803996,-0.00165873054953,-0.000495148618241,-0.00127053103437,0.000303382469948,-6.7471143922e-05,0.00111331679616,-0.000269834768935,0.000381126185556,2.82305324112e-05,-0.00106517581451,0.00125097936704,-0.00110231043505,-0.000195676291763,-0.00105363223777,0.00012670893354,0.000326979979859,0.000871994589506,0.000415141867967,0.000735902006668
