street,num1,num2,num3,num4,num5,num6,num7,num8,num9,num10,num11,num12,num13,num14,num15,num16,num17,num18,num19,num20,num21,num22,num23,num24,num25,num26,num27,num28,num29,num30,num31,num32,num33,num34,num35,num36,num37,num38,num39,num40
R._Inácio_Marquês_da_Silva,-0.00690002992152,-0.00274426626901,0.00157301983255,-0.0069733300292,0.00341513580366,0.00237736246229,-0.00285518341077,-0.00603093314836,0.0049031249392,0.00238303803074,-0.00648797970356,0.00428046143484,-9.65910819217e-05,0.000561936298069,-6.08370886702e-06,-0.000799267602557,0.000627124344913,0.00672425413298,0.00205993038526,0.00310219244104,0.00418414108485,0.00229912594906,0.00225115873895,0.00294602505674,0.00172505168112,0.000463808081376,0.00155584321981,0.0031776036594,0.0032317853818,-0.000966032989793,-0.000258075844973,0.00196571696874,-0.00581056359412,0.0034257390261,-0.00486160644455,-0.00213514069671,-0.00338713075104,-0.00130353153098,-0.00331654308724,-0.0018666474492
R._Cristina_Procópio_Silva,-0.00371524506036,0.00316127038404,0.000253023886489,-0.00322277741469,0.00269975934245,-0.00294473354497,0.00412845712018,0.00161662204577,-0.000146462420635,0.00420061236749,0.0038671427989,0.000822884752952,0.00248793689919,0.00425554074719,0.00216451854809,0.00222827072673,0.00559189784124,0.00451335736542,0.00486029732907,0.00424424805064,0.00156894074666,-0.00192836116062,0.00106676917548,0.00199582035298,0.000420984305395,-0.0121454451609,-0.00667707338359,0.00359731146577,0.00448727726819,-0.00643839213019,-0.0112138239905,-0.00101187216337,-0.00427141757478,-0.00314020456958,-0.00275522466395,-0.00509444558789,0.000431147940742,0.00278986992738,-0.00532522579131,0.00200377500322
