street,num1,num2,num3,num4,num5,num6,num7,num8,num9,num10,num11,num12,num13,num14,num15,num16,num17,num18,num19,num20,num21,num22,num23,num24,num25,num26,num27,num28,num29,num30,num31,num32,num33,num34,num35,num36,num37,num38,num39,num40
R._Inácio_Marquês_da_Silva,-0.00661757157026,-0.00275750282088,0.00206527866481,-0.00670571213168,0.00320978831839,0.00211654272734,-0.00311768305958,-0.00620208030445,0.00421852299685,0.00201448703759,-0.00715932561582,0.00357156576136,-0.000132053107822,0.0005688642356,2.63710955378e-06,-0.000801862102141,0.000775743082218,0.00690761086394,0.00202354930093,0.00328568172679,0.00426309724712,0.00225553888621,0.00222131308019,0.00302209871553,0.00171980570664,0.000450304468496,0.00152871978235,0.00315466160599,0.00326928084624,-0.000923933944281,-0.000222554224854,0.00203328248169,-0.00543625069296,0.00386910460873,-0.0044619168449,-0.00218180167185,-0.00328763161759,-0.00125209712727,-0.00320382571518,-0.00183180252759
R._Cristina_Procópio_Silva,-0.00352147359846,0.00336068665968,0.000396379753861,-0.00295300787109,0.0023921217212,-0.00324670910318,0.00384292928912,0.00150728822371,-0.000167632195552,0.00416387615184,0.00383473156472,0.000869165180189,0.00254991939259,0.00446218499099,0.00214503102894,0.00224766647761,0.00566480868602,0.00457388414195,0.00488799092026,0.00426517667187,0.00129005455842,-0.002251913827,0.000910232805297,0.00170664858709,5.46333681101e-05,-0.0123722571921,-0.00691582842183,0.00324740812155,0.00447105736083,-0.00645936672578,-0.0112251184983,-0.000886137618401,-0.00423839038707,-0.00310482203285,-0.00268357019688,-0.0050759124386,0.000276225363292,0.00216700352058,-0.00575988442636,0.00143996515928

