street,num1,num2,num3,num4,num5,num6,num7,num8,num9,num10,num11,num12,num13,num14,num15,num16,num17,num18,num19,num20,num21,num22,num23,num24,num25,num26,num27,num28,num29,num30,num31,num32,num33,num34,num35,num36,num37,num38,num39,num40
R._Inácio_Marquês_da_Silva,-0.00689521679202,-0.00273173794942,0.00163234179486,-0.00698471320996,0.00340799645165,0.00238409744459,-0.00284832325775,-0.00601304298887,0.0049277401063,0.00236596307158,-0.00645931428133,0.00429991436105,-9.8799631217e-05,0.000567716220486,2.90667848273e-05,-0.000767441907819,0.000615623685486,0.00672861768501,0.00210551159,0.00309882696916,0.00421324736928,0.00231123641526,0.00229705662643,0.00289317543012,0.00176987708934,0.000478757197088,0.00158149594777,0.00317978380418,0.00323451369183,-0.000958461797669,-0.00023629956558,0.00197921122657,-0.00577442577016,0.00341946409073,-0.00483968960474,-0.00210811600727,-0.00338911684521,-0.00130038047249,-0.00328981758805,-0.00181311506263
R._Cristina_Procópio_Silva,-0.00373928606663,0.00316721440245,0.000275302149784,-0.00320308055048,0.0027157704878,-0.0029199786009,0.00415677917413,0.00162076600033,-9.33102598857e-05,0.00423439675273,0.00390744525447,0.000882105134418,0.00250337304677,0.00429207838312,0.00220989014863,0.00222107599248,0.00559917089676,0.00455798318644,0.00488161354289,0.00428647126398,0.00161682313351,-0.00189572213828,0.00109592356831,0.00198836727552,0.00039783126732,-0.0121348723746,-0.00662950255781,0.00360516534417,0.00449257910696,-0.0064131028867,-0.0111988078906,-0.000990750187008,-0.00423399117603,-0.00308551714942,-0.00271447243622,-0.0050786356822,0.000493625402982,0.00281449684103,-0.00534168391603,0.00199627334233
