street,num1,num2,num3,num4,num5,num6,num7,num8,num9,num10,num11,num12,num13,num14,num15,num16,num17,num18,num19,num20
R._Manoel_Pereira_de_Araújo,0.004705634204,0.000319627505877,-0.00113085514886,-1.64991281733e-05,-0.0013269644118,-0.0014691428625,0.00527862085499,-0.000593829394178,-0.00159656622575,-0.00527512368905,-0.000799107520366,0.00452235066327,-0.00563984007182,0.00751348316636,-3.27485218727e-05,-0.00175251910786,-0.00014584560226,0.00164710360031,-0.00311013358617,0.00728106876545
R._Maciel_Pinheiro,0.00402668447937,-0.000180430630439,-0.000367840870162,-0.00203211215237,0.00412237101878,-0.00657319384531,0.0025708950541,0.00266571999721,0.00307794174389,0.00531780586191,-0.00350286190273,-0.00439441477992,9.83144539659e-05,0.00313223366179,-0.00570006837833,0.000818722445298,-0.00058414396151,-0.00226804937363,-0.00543688066459,0.00349902045836
R._Edésio_Silva,0.0129383266227,-0.0106646563137,-0.00354872933943,-0.00793496976071,0.00266310720676,-0.000138789115798,0.00823079484479,-0.00126875486904,0.00254885591875,0.00016452971902,-0.00752189188577,0.00869582225293,-0.00771018067952,-0.0014007208776,-0.00738457452736,0.000762008174939,0.00232932712665,0.00625406200917,0.00291531498017,0.0052790214078
Av._Mal._Floriano_Peixoto,0.00183107501707,0.00439535414233,-0.00157000724809,9.64938668668e-05,-0.00379897846378,0.00371436768967,0.00884063396195,-0.00694564320517,0.00552755491713,0.00186039160701,0.000237292443715,0.00206535780605,-0.00334752149589,0.00208599042784,-0.00172169452022,0.000194518860462,-0.00565433718917,0.00114575373932,0.00358698874834,-0.0112180337046

