street,num1,num2,num3,num4,num5,num6,num7,num8,num9,num10,num11,num12,num13,num14,num15,num16,num17,num18,num19,num20
R._Manoel_Pereira_de_Araújo,0.00441716239183,0.000446970110404,-0.0015136014055,-0.000123863271152,-0.000729411032042,-0.00200128492696,0.00270032186307,-0.00146838778915,-0.00114908812431,-0.00544214033185,-0.000703868732183,0.00414943912204,-0.00665222064078,0.00758203470239,-0.000102560436495,-0.00313554365886,-0.000181483670694,0.00127396780638,-0.00334177090482,0.00646015451615
R._Maciel_Pinheiro,0.00361627607963,0.000212803047466,-0.000866221586177,-0.00199331143757,0.00427429305003,-0.00583610148005,0.0029579157651,0.00336282479384,0.00318237009935,0.00519010839828,-0.00337215690801,-0.00447086991557,0.000141144731937,0.00316770720694,-0.00499703076988,0.000386658214027,-0.0012248732924,-0.00224483787549,-0.00480844133916,0.00353135709899
R._Edésio_Silva,0.0121214909894,-0.0122303247365,-0.00352998935414,-0.00921504251913,0.00169864315059,-0.000934273082335,0.0074216069677,-0.0011883139459,0.002661208428,-6.83161415908e-05,-0.0069875825591,0.00918446810084,-0.00800784273312,-0.000623291719444,-0.00755891474574,0.00105044168825,0.00259575667449,0.00607380206043,0.00313351729884,0.00560207878128
Av._Mal._Floriano_Peixoto,0.000501667352297,0.00436010782833,-0.000640711648933,-0.000842737797232,-0.00370190319804,0.00376178301284,0.00839027839378,-0.00643772654844,0.00514746176233,0.00105294365523,0.000689525494927,0.00161110132227,-0.00351428179365,0.00282163839499,-0.00165702173876,0.000361676730492,-0.00550379572615,0.00281359436624,0.00345759704861,-0.0111490880923
