street,num1,num2,num3,num4,num5,num6,num7,num8,num9,num10,num11,num12,num13,num14,num15,num16,num17,num18,num19,num20
R._Manoel_Pereira_de_Araújo,0.00471897549632,0.000330086338659,-0.00114128075465,-2.68171518154e-05,-0.00129101984113,-0.00146952082888,0.00529358794235,-0.000564695093617,-0.00160533186433,-0.00528087799969,-0.000805807390191,0.00451600482094,-0.00561780655548,0.00752927447558,-2.0945151027e-05,-0.00174991886444,-0.000193995428946,0.00167844426613,-0.00312484000919,0.00726205424713
R._Maciel_Pinheiro,0.00404348061234,-0.000184582054345,-0.000385113217018,-0.00201227249653,0.00413753018353,-0.0065696591784,0.0025806791469,0.00268196529183,0.00305589930811,0.00532330829408,-0.00349252291933,-0.00438600796315,7.88109848303e-05,0.00314115647578,-0.00571062101879,0.000815729922004,-0.000548853972466,-0.00226433244803,-0.00539207111048,0.00353528167388
R._Edésio_Silva,0.0129396817365,-0.0106883386448,-0.00352328876989,-0.00795276720758,0.00263747905576,-0.000136400885944,0.00820497338413,-0.00123686997978,0.00253785863357,0.000216543439079,-0.00752434707545,0.00866985635065,-0.00769442872891,-0.0014572159566,-0.00738727412356,0.000846517337089,0.00232063676087,0.00620554732442,0.00292251261442,0.00525168022125
Av._Mal._Floriano_Peixoto,0.00183218537914,0.00437716339468,-0.00152764156914,0.00015873275659,-0.00381158106154,0.00372925045271,0.00884593977682,-0.00694133523326,0.00554457505822,0.0019017684868,0.000249024877694,0.00210678467665,-0.00331850678983,0.00202358548113,-0.00166883633828,0.000233761961555,-0.00568343584607,0.0011074489428,0.0036226091069,-0.0112420866587
