street,num1,num2,num3,num4,num5,num6,num7,num8,num9,num10,num11,num12,num13,num14,num15,num16,num17,num18,num19,num20,num21,num22,num23,num24,num25,num26,num27,num28,num29,num30,num31,num32,num33,num34,num35,num36,num37,num38,num39,num40
R._Inácio_Marquês_da_Silva,-0.00662156484033,-0.00273236094948,0.00211855995043,-0.00672753363117,0.00319630837159,0.00211358947485,-0.00311342318786,-0.00622261321805,0.00423188921463,0.00201950889556,-0.00711506229679,0.00359061418352,-7.76677959149e-05,0.00054510284917,2.10775602413e-05,-0.000786193170282,0.00080801980181,0.00693822058079,0.00204111821574,0.00331573595153,0.00426943689776,0.00227945272036,0.00221900801586,0.0030684218221,0.00171004464422,0.00046396593746,0.0015633594597,0.00317866358022,0.00326821768967,-0.00091409582464,-0.000226225569418,0.00203304983937,-0.00547715177132,0.00382486272322,-0.00450253802967,-0.00221291852674,-0.00331915404784,-0.00129404369558,-0.00325642215632,-0.00187348980295
R._Cristina_Procópio_Silva,-0.00353517631477,0.00340465395904,0.00044398894907,-0.00301545331899,0.00242162930233,-0.00333671323679,0.00383161858329,0.0015152107171,-0.000185942959128,0.00415780138885,0.00382061816588,0.000835263927011,0.00254487577346,0.00442986092378,0.00218480503013,0.00221651930235,0.00558629052084,0.004529662875,0.00488621272666,0.00423295129132,0.00129003109905,-0.00230046871412,0.000956892114126,0.00169925413628,6.63529010459e-05,-0.0123994314958,-0.00694566900188,0.00319665431939,0.00444199585249,-0.00646245869854,-0.0112619224746,-0.001014068427,-0.00427774070703,-0.00309039758773,-0.00274139085601,-0.00510352528954,0.00031395620204,0.00222381783457,-0.00576778272397,0.00145748696021
