street,num1,num2,num3,num4,num5,num6,num7,num8,num9,num10,num11,num12,num13,num14,num15,num16,num17,num18,num19,num20,num21,num22,num23,num24,num25,num26,num27,num28,num29,num30,num31,num32,num33,num34,num35,num36,num37,num38,num39,num40
R._Inácio_Marquês_da_Silva,-0.00690481439283,-0.00273931421647,0.00157209435006,-0.00696668391627,0.00342230006234,0.00236373073764,-0.00286395660172,-0.00600876332381,0.00490725584348,0.00238835170553,-0.00646236428161,0.00428594773467,-0.000100969135608,0.00054940469532,4.06296417973e-05,-0.000816253278738,0.000630459129632,0.0067412363451,0.00208869705844,0.00309550408004,0.00421873694733,0.0022812853263,0.00228115479885,0.00293629310992,0.00172987865567,0.000467482066056,0.00157401223843,0.0031877262156,0.00324166380748,-0.000966839109438,-0.000263557451886,0.00199542262479,-0.00577420747748,0.00343406228439,-0.00486973935995,-0.00210474357137,-0.00336699485666,-0.00127379485838,-0.00330163792227,-0.0018390864642
R._Cristina_Procópio_Silva,-0.00366472578916,0.0031760492258,0.000282951302288,-0.00323196638775,0.00274676592978,-0.00289958050986,0.00417135543195,0.0016538805001,-0.000105740775772,0.00424558385856,0.00387281608034,0.000886185937664,0.00249113603245,0.00425697904203,0.00219928800395,0.00222608099426,0.0055880534991,0.004517954562,0.00488515392587,0.00429685727656,0.00159098897908,-0.00190297471206,0.0010989208385,0.00202275799289,0.000471555053666,-0.0121417360122,-0.0066686520561,0.00360388120459,0.00451172247536,-0.00640767114773,-0.0111852555577,-0.000984485423817,-0.00428043742979,-0.00312210723209,-0.00266382214327,-0.00509059538907,0.000476008770083,0.00281242362675,-0.00532802923253,0.00203366066373
