street,num1,num2,num3,num4,num5,num6,num7,num8,num9,num10,num11,num12,num13,num14,num15,num16,num17,num18,num19,num20
R._Manoel_Pereira_de_Araújo,0.00445798798546,0.000287901737075,-0.00149485325582,-0.00017676000219,-0.00197918314575,-0.00212114126583,0.0047938211998,-0.000957370563777,-0.00175019922797,-0.00540020155427,-0.000790242730221,0.00438570684791,-0.00592702230892,0.00721498720485,-0.000126586274845,-0.00216854325957,-0.000441451273144,0.00132099402222,-0.00342245436893,0.0069859990895
R._Maciel_Pinheiro,0.00379803866843,-0.000271389818348,-0.000577012113174,-0.00230395288804,0.00475957870258,-0.00593723588286,0.00321013837765,0.00337265170651,0.00290777322809,0.00518733989559,-0.00362149602448,-0.0045136599794,0.000165259987739,0.00346061874231,-0.00539789351834,0.0011924280444,-0.000558018240092,-0.00228277925731,-0.00543919112814,0.0034985338838
R._Edésio_Silva,0.0119040635601,-0.0117262687983,-0.00353185843198,-0.00896871900929,0.00217064343947,-0.00041050087718,0.00784330967983,-0.00166779738527,0.00264101384177,0.000254699876974,-0.0074136818599,0.00881094189601,-0.00784496717334,-0.00148409726647,-0.00751122991615,0.000480530373122,0.00229921042037,0.00617529083432,0.00297995541436,0.00522116505554
Av._Mal._Floriano_Peixoto,0.00173154095431,0.00433319723422,-0.00160984269918,9.80724787294e-05,-0.00400127251823,0.00351631187977,0.00865133482329,-0.00712632441525,0.00540819299043,0.00191126120029,0.000134501562814,0.00205917425994,-0.00334000279692,0.00201554020336,-0.00174400617687,0.000270192692573,-0.00534547635773,0.00164280296975,0.00399540476671,-0.0109059450309

