street,num1,num2,num3,num4,num5,num6,num7,num8,num9,num10,num11,num12,num13,num14,num15,num16,num17,num18,num19,num20
R._Maciel_Pinheiro,0.00536387141832,-0.000642392043928,0.00117055590098,-0.00346511269519,0.00709200375199,-0.00776250731033,0.00376199944891,0.00208384748628,0.00255098264014,0.00501335523102,-0.00344210834155,-0.00581508468887,0.000698022098658,0.00341184577809,-0.00480537145198,0.00104774512586,0.000961538401906,-0.00174368014144,-0.00503035017006,0.00357879753125
R._Manoel_Pereira_de_Araújo,0.00364018011975,0.000576865935886,-0.00156127463983,-0.00122384717931,-0.00141434150821,-0.00238515630447,0.00566940714048,-0.00110960154586,-0.00154548887356,-0.00379649101648,-0.00186547118779,0.00565686496582,-0.00530562028149,0.00629651230096,-0.00248164784969,-0.00144799135757,-0.00121181085698,-0.00220592996209,-0.00423593919154,0.00650394181249
Av._Mal._Floriano_Peixoto,0.00174769229648,0.00295695544405,-0.00327754590867,0.00162530170374,-0.00412162954997,0.00495384666771,0.00708060983712,-0.00709423237491,0.00495745330733,0.00160982449245,-0.00263678466175,0.00174159691404,-0.00319896164103,-0.00309357182565,-0.00316573892235,-0.00110137981089,-0.00659624132921,0.00311812121031,0.00414864891795,-0.0108977102902
R._Edésio_Silva,0.0107191520845,-0.00774288137684,-0.00471452875026,-0.00895537198007,0.00461300692677,0.00198361570414,0.00606133184033,-0.00218383581916,0.00292252522202,-0.00284141247335,-0.0103520737362,0.0112645546531,-0.00604324554802,-0.00302179722054,-0.00481433266294,0.002027560458,0.00348566648607,0.00722259990829,0.00662972565615,0.0029867798571
