street,num1,num2,num3,num4,num5,num6,num7,num8,num9,num10,num11,num12,num13,num14,num15,num16,num17,num18,num19,num20
R._Manoel_Pereira_de_Araújo,0.00446669042219,0.000276785101477,-0.00149180598151,-0.00016560318715,-0.0019692528697,-0.00212573173973,0.00480681774043,-0.000967094230651,-0.00176360792763,-0.00541329958332,-0.000794912597021,0.00439462132746,-0.00591956964073,0.00723080728343,-8.54423994702e-05,-0.00215593445821,-0.000429721533773,0.00133984898955,-0.00340126261477,0.00701085517419
R._Maciel_Pinheiro,0.00380462752037,-0.000285919071339,-0.00057994307662,-0.00233022776881,0.00476462492405,-0.00592980747245,0.00320359504638,0.00336047260612,0.00292860835258,0.00519173793681,-0.00361046453726,-0.00449784086739,0.000174648798062,0.00345246775707,-0.00539844539576,0.0011937057767,-0.000561642660265,-0.00231651938358,-0.00545078497558,0.003472995034
R._Edésio_Silva,0.0119206550378,-0.0116685940984,-0.00349970447429,-0.00896601729847,0.00215670526827,-0.00033998335228,0.00787469932939,-0.00168380980449,0.00266082336682,0.000240657856863,-0.00742494331268,0.00881332831048,-0.00784568436733,-0.00143030599528,-0.00750202179014,0.000590589556343,0.00233188059759,0.00623972637424,0.0029564377227,0.0052715095714
Av._Mal._Floriano_Peixoto,0.00175175545736,0.00430399854008,-0.00163838020053,0.000100946114929,-0.00400853617731,0.0035079943186,0.00867956725489,-0.00711401227842,0.00540481409443,0.00190886564521,0.000146021310249,0.00206812508556,-0.00337005359602,0.00203561888166,-0.00172153246718,0.000241245916324,-0.00535091119296,0.00164302193172,0.00396662027144,-0.0109098947835
