street,num1,num2,num3,num4,num5,num6,num7,num8,num9,num10,num11,num12,num13,num14,num15,num16,num17,num18,num19,num20,num21,num22,num23,num24,num25,num26,num27,num28,num29,num30,num31,num32,num33,num34,num35,num36,num37,num38,num39,num40
R._Inácio_Marquês_da_Silva,-0.00676449553495,-0.0026804724616,0.00194651447183,-0.00683790588969,0.00347386109287,0.00249036454769,-0.00284522177591,-0.00597482247556,0.00486467203975,0.00237502553366,-0.00651571294212,0.00424757528406,-8.55461706141e-05,0.000589523212594,9.13971377367e-07,-0.000811215968506,0.00050633975285,0.00662982600513,0.00204070551226,0.00301045572292,0.00410424265372,0.00226428188628,0.00221937614773,0.00286229744026,0.00169943928456,0.000431171080234,0.00153000018952,0.00313395071273,0.00321947115148,-0.00104423802028,-0.000288449562366,0.00198421304525,-0.0057157383736,0.00352233636533,-0.00476492954086,-0.00208288388669,-0.00330489702029,-0.0012438706567,-0.00323793438778,-0.00181541282101
R._Cristina_Procópio_Silva,-0.00371186959764,0.00324701702091,0.000311729291592,-0.00321017802757,0.00271595854045,-0.00302164079432,0.00413156335613,0.00163552040526,-0.000175167216548,0.00419955231143,0.00387468270375,0.000842034820562,0.00247165509336,0.00423394767391,0.00217089645293,0.00223439743643,0.00550753210922,0.00444982476299,0.00478069881974,0.00420882405831,0.00160088149226,-0.00197215859395,0.00108915931794,0.0020381154562,0.000639748559993,-0.012054661365,-0.00658370996126,0.00374921444141,0.00460092090223,-0.00633974361963,-0.0111172327387,-0.000889593312338,-0.00418444185779,-0.0030916940588,-0.00271086362788,-0.0050040198787,0.000460314538633,0.00285123706286,-0.00530997635447,0.00207152137412

