street,num1,num2,num3,num4,num5,num6,num7,num8,num9,num10,num11,num12,num13,num14,num15,num16,num17,num18,num19,num20,num21,num22,num23,num24,num25,num26,num27,num28,num29,num30,num31,num32,num33,num34,num35,num36,num37,num38,num39,num40
R._Inácio_Marquês_da_Silva,-0.0068901336475,-0.00276374403776,0.001652296633,-0.00696537106799,0.00343444570362,0.00237968928436,-0.00285498985275,-0.00601936884124,0.00491067178141,0.00239120348356,-0.00648609508103,0.00429880662536,-9.41489740561e-05,0.000575418240123,-1.69229637458e-06,-0.000763589571044,0.000638171404008,0.00669748789693,0.00208999549425,0.00307367852648,0.00416420442758,0.00231732273045,0.0022283211685,0.00292610536852,0.00173765700718,0.00051286498953,0.00152138893379,0.00314491923255,0.00324884505851,-0.000994242731266,-0.000268671509096,0.00194230501118,-0.00575063918566,0.00348034597295,-0.00480876543301,-0.00207198551873,-0.003343332594,-0.00123050613957,-0.00327326098139,-0.00180188482861
R._Cristina_Procópio_Silva,-0.00368586003747,0.00317912501879,0.000234373688285,-0.0031974529911,0.00269715608333,-0.00287608765637,0.00417231983179,0.00165819703396,-2.82477023703e-05,0.00424715893597,0.00388594877026,0.000869432359747,0.00251263058808,0.00428749801167,0.00219260953268,0.00224466472399,0.00560756720259,0.00454301831101,0.00492369444113,0.00430364980123,0.0015811012396,-0.00189270147119,0.00107234768513,0.00204115111343,0.000481515877782,-0.0121291117659,-0.00664765779387,0.00362952005057,0.00452256862839,-0.00640142197216,-0.0111876804327,-0.000936016256914,-0.00420629003087,-0.00314390556973,-0.00272152893123,-0.0050315069173,0.000468018648393,0.00278842722567,-0.00529846154553,0.00204554811255
